media_id,tweet_id,media_url_https,type,width,height,alt_text
385084302901252097,385084302897057792,https://pbs.twimg.com/media/BVgYIhsCEAEjAb4.jpg,photo,500,414,
389972440966635521,389972441126035456,https://pbs.twimg.com/media/BWl13nACIAEX0RY.jpg,photo,865,1024,
433683609665667073,433683609867022337,https://pbs.twimg.com/media/BgTA8fsIAAEEVS-.jpg,photo,450,414,
445293618291408896,445293618475966464,https://pbs.twimg.com/media/Bi4AL8MCAAAZ0Mo.jpg,photo,650,518,
463333913864466433,463333915739316224,https://pbs.twimg.com/media/Bm4XvWRIcAEi4Te.jpg,photo,960,540,
480709386973618176,480709395706179584,https://pbs.twimg.com/media/BqvSo_rCIAAoT1z.jpg,photo,555,1024,
486930173246595074,486930173498241025,https://pbs.twimg.com/media/BsHsaabIYAIhipy.png,photo,631,488,
489101252114923521,489101252844736513,https://pbs.twimg.com/media/Bsmi_1eCQAEBule.jpg,photo,1024,1024,
515243251230470144,515243252199342080,https://pbs.twimg.com/media/ByaDAdKCcAA-B5S.jpg,photo,1024,767,
553703467530072065,553703519229071360,https://pbs.twimg.com/media/B68mXr0IMAEsaXd.jpg,photo,1024,768,
564121659381010433,564839950521090048,https://pbs.twimg.com/media/B9QpqQ2CUAEqukv.jpg,photo,2048,1198,
570589077482835968,570589112652201984,https://pbs.twimg.com/media/B-sjviwVEAATpy8.jpg,photo,519,735,
580455179360821248,580455180916912129,https://pbs.twimg.com/media/CA4w6QXWYAACftn.png,photo,302,526,
585949236916662272,585949245229760512,https://pbs.twimg.com/media/CCG1ufrUMAA5id8.jpg,photo,1024,768,
585949236979572737,585949245229760512,https://pbs.twimg.com/media/CCG1uf6UIAEI0d_.jpg,photo,1024,768,
592532854338244608,592532872625434627,https://pbs.twimg.com/media/CDkZfdyUUAAPfOd.jpg,photo,600,600,
594156560743444481,594156562828001283,https://pbs.twimg.com/media/CD7ePngUsAEMVcH.jpg,photo,736,404,
596096574935040000,596096575887147008,https://pbs.twimg.com/media/CEXCrTjUgAAY7AC.png,photo,321,292,
600340058147782657,600340091689684992,https://pbs.twimg.com/media/CFTWGiZWAAEhVCV.png,photo,640,386,
600526639039053826,600526639802490881,https://pbs.twimg.com/media/CFV_y-YVAAIv-kS.png,photo,500,351,
601730627218612224,601730628195885056,https://pbs.twimg.com/media/CFnG0T3WoAAMheQ.jpg,photo,725,960,
601794590908223488,601794594318196736,https://pbs.twimg.com/media/CFoA_fLWEAAtv4G.jpg,photo,540,530,
610842663785357312,610842664397877249,https://pbs.twimg.com/media/CHomKpSUYAAnUy7.jpg,photo,1024,609,
619221723041406977,619221725859983360,https://pbs.twimg.com/media/CJfq4FcWoAE-85e.jpg,photo,1536,2048,
621105495634509824,621105496280432640,https://pbs.twimg.com/media/CJ6cKFNWgAAll_m.png,photo,248,254,
621563433578684416,621563442277715969,https://pbs.twimg.com/media/CKA8pk_UYAAj5RA.jpg,photo,640,403,
628670410393939972,628670412403007490,https://pbs.twimg.com/media/CLl8aExUcAQrDME.jpg,photo,720,540,
633769877380009984,633769883667431424,https://pbs.twimg.com/media/CMuaWHqUEAA3d_3.jpg,photo,743,467,
634846163695456256,634846169932386304,https://pbs.twimg.com/media/CM9tOOoWUAAxNWq.jpg,photo,1024,379,
638466034022903809,638466040045830145,https://pbs.twimg.com/media/CNxJeacWcAE0h-W.jpg,photo,329,591,
638466035126042625,638466040045830145,https://pbs.twimg.com/media/CNxJeejXAAE-Jjb.jpg,photo,477,399,
638798808185503744,638798808688758784,https://pbs.twimg.com/media/CN14IazXAAAMJd7.jpg,photo,435,580,
644668326547980288,644668333200027648,https://pbs.twimg.com/media/CPJSbWnWgAAIusg.jpg,photo,1152,2048,
649473426097352704,649473426294489088,https://pbs.twimg.com/media/CQNko9WWsAAcEGj.jpg,photo,1024,695,
649575245620375552,649575258123579392,https://pbs.twimg.com/media/CQPBPooW8AANg4m.jpg,photo,599,324,
652821374612869120,652821378152837120,https://pbs.twimg.com/media/CQ9JlNeVEAAeeR_.png,photo,475,634,
656155266111528960,656155281026625536,https://pbs.twimg.com/media/CRshvPIUYAApBGh.jpg,photo,960,960,
659068671868833792,659068672401518592,https://pbs.twimg.com/media/CSV7dxVUkAArrf9.png,photo,696,195,
659761010169942016,659761151459225600,https://pbs.twimg.com/media/CSfxJKfVEAA-BNO.png,photo,900,600,
659761083163344897,659761151459225600,https://pbs.twimg.com/media/CSfxNaaUAAEKrKx.png,photo,900,600,
659761112930381824,659761151459225600,https://pbs.twimg.com/media/CSfxPJTU8AAd21y.png,photo,900,600,
659761150096093185,659761151459225600,https://pbs.twimg.com/media/CSfxRTwUsAEb8Mu.png,photo,900,600,
667743291107106816,667743807656632320,https://pbs.twimg.com/media/CURM_EOW4AArZd-.png,photo,624,603,
667768595531874304,667768644491980800,https://pbs.twimg.com/media/CURj_-jWwAASHfg.png,photo,500,335,
670652511523590144,670652512257630209,https://pbs.twimg.com/media/CU6i5-0WUAAn6yt.png,photo,2000,1334,
676423038766727168,676423039513329664,https://pbs.twimg.com/media/CWMjK3-UwAA3s8e.jpg,photo,728,856,
689135581704486912,689135584569233409,https://pbs.twimg.com/media/CZBNKQ2UAAAOLe8.jpg,photo,750,367,
692918393037524997,692918396963438592,https://pbs.twimg.com/media/CZ29m3NWEAUOjLL.jpg,photo,540,528,
695763553869963264,695763561960730624,https://pbs.twimg.com/media/CafZRBQVIAAoAgs.jpg,photo,888,1024,
695772558638108672,695772559002959872,https://pbs.twimg.com/media/CafhdKoW0AAS7tm.jpg,photo,600,338,
711756444987744256,711756445717495808,https://pbs.twimg.com/media/CeCqtzYW4AAckdn.jpg,photo,546,271,
712884137741320194,712884145324601344,https://pbs.twimg.com/media/CeSsWKQVAAIS7_M.jpg,photo,700,466,
713932669277626368,713932677720592385,https://pbs.twimg.com/media/Cehl-unW4AAzacX.jpg,photo,437,437,
713932669285965824,713932677720592385,https://pbs.twimg.com/media/Cehl-upWIAAoZ8K.jpg,photo,583,583,
714501385484632064,714501409379581952,https://pbs.twimg.com/media/CeprOXlWAAA3iZE.jpg,photo,356,448,
714835752241250304,714835753138696192,https://pbs.twimg.com/media/CeubVE0WwAA1gMz.jpg,photo,800,400,
716069734446292992,716069776129306628,https://pbs.twimg.com/media/Ce_9oSwUYAAp7Xe.jpg,photo,2048,1536,
716620277912772609,716620279959695360,https://pbs.twimg.com/media/CfHyWI_VIAE8wQ8.jpg,photo,634,714,
718889067308449792,718889068365488128,https://pbs.twimg.com/media/CfoBzEHVAAAy-JF.jpg,photo,621,223,
719983873849839616,719983895043829760,https://pbs.twimg.com/media/Cf3lhMTUUAAB1zn.jpg,photo,900,675,
729825706050506753,729825715366051841,https://pbs.twimg.com/media/CiDcnOUW0AE-WM6.jpg,photo,750,1334,
731680128829423621,731680150459432960,https://pbs.twimg.com/media/CidzM1gXAAUF0cA.jpg,photo,750,1334,
735558010777571330,735558012933394433,https://pbs.twimg.com/media/CjU6HRgXEAIN0qW.jpg,photo,601,139,
735558010785959940,735558012933394433,https://pbs.twimg.com/media/CjU6HRiXEAQmcoA.jpg,photo,589,147,
735558011150860289,735558012933394433,https://pbs.twimg.com/media/CjU6HS5XAAEZ-SP.jpg,photo,611,761,
735558011612241920,735558012933394433,https://pbs.twimg.com/media/CjU6HUnXIAArXKF.jpg,photo,548,589,
737487725348032514,737487730142154752,https://pbs.twimg.com/media/CjwVLceUkAIhjB_.jpg,photo,601,491,
738750811585445888,738751021879558144,https://video.twimg.com/ext_tw_video/738750811585445888/pu/vid/720x1280/Lr7Tcac7VN0ytTfo.mp4,video,720,1280,
740276893006450688,740276899994308613,https://pbs.twimg.com/media/CkX96XsUUAAGb4I.jpg,photo,539,463,
742079950010867714,742079953823510528,https://pbs.twimg.com/media/CkxlyGdWYAI3NYd.jpg,photo,540,960,
744736700769906688,744736706721628160,https://pbs.twimg.com/media/ClXWFWSWMAASpbJ.jpg,photo,720,720,
746032081914990592,746032197342232576,https://pbs.twimg.com/media/ClpwOdGWkAAzkuU.jpg,photo,2048,1536,
748247192427704320,748248455865376768,https://pbs.twimg.com/media/CmJO22zWMAAVS9w.jpg,photo,1200,697,
748582521063903232,748582543583121408,https://pbs.twimg.com/media/CmN_1jUUkAAfWXq.jpg,photo,1536,2048,
750517602041028608,750517615651540992,https://pbs.twimg.com/media/CmpfyFtVYAAULHE.jpg,photo,2048,1536,
750517602049404928,750517615651540992,https://pbs.twimg.com/media/CmpfyFvVMAAdgeH.jpg,photo,1536,2048,
750708329773731840,750708361595846656,https://pbs.twimg.com/media/CmsNP54XEAAHIsN.jpg,photo,1942,1942,
750708330071527424,750708361595846656,https://pbs.twimg.com/media/CmsNP6_XEAAR43x.jpg,photo,1889,1889,
750708330386063360,750708361595846656,https://pbs.twimg.com/media/CmsNP8KWgAAxxty.jpg,photo,1755,1755,
751542706900504576,751542778753081344,https://pbs.twimg.com/media/Cm4EHC5XEAAdxzc.jpg,photo,800,671,
753482680226852866,753482686648295424,https://pbs.twimg.com/media/CnTogWtUsAIoIl-.jpg,photo,960,718,
755053968837849088,755054091139633152,https://pbs.twimg.com/media/Cnp9lY7UMAAt_ar.jpg,photo,1080,809,
755054018796204032,755054091139633152,https://pbs.twimg.com/media/Cnp9oTCUMAAQgF8.jpg,photo,1024,704,
755266191397191682,755266200247099392,https://pbs.twimg.com/media/Cns-mXkXgAI3_9m.jpg,photo,640,1136,
755266191401320448,755266200247099392,https://pbs.twimg.com/media/Cns-mXlWgAAQFZY.jpg,photo,640,1136,
755266191409766404,755266200247099392,https://pbs.twimg.com/media/Cns-mXnXYAQV9sh.jpg,photo,640,1136,
755266191699181569,755266200247099392,https://pbs.twimg.com/media/Cns-mYsXgAEJokN.jpg,photo,640,1136,
756640472785879040,756640481476382720,https://pbs.twimg.com/media/CoAggEsWAAAsIRX.jpg,photo,2048,2048,
764702482647748608,764702682539896832,https://pbs.twimg.com/media/CpzE2z0UEAA17nC.jpg,photo,749,706,
766424762402897920,766424771580002304,https://pbs.twimg.com/media/CqLjQr4WgAACyUA.jpg,photo,800,714,
766649123441352704,766649126092206081,https://pbs.twimg.com/media/CqOvUN4WIAAf4uZ.jpg,photo,1000,561,
768179527059120128,768179529487712256,https://pbs.twimg.com/media/CqkfNboWIAAmzs5.jpg,photo,768,1024,
768286835093057541,768286842991022080,https://pbs.twimg.com/media/CqmAzlNUsAUAKeY.jpg,photo,1024,768,
771422562337316871,771422577118089216,https://pbs.twimg.com/media/CrSku7fWYAc66g6.jpg,photo,2048,1363,
777222989716725760,777222991503433728,https://pbs.twimg.com/media/CslAMPVVIAAWEDP.jpg,photo,768,1024,
778789202230071297,778789555751178240,https://video.twimg.com/ext_tw_video/778789202230071297/pu/vid/1280x720/AMvhRaDZKj8uFNVz.mp4,video,1280,720,
779164626160189440,779164690576347136,https://pbs.twimg.com/media/CtAmGWvUAAA2oms.jpg,photo,2048,1536,
779609233872547840,779609435731877888,https://video.twimg.com/ext_tw_video/779609233872547840/pu/vid/1280x720/nlwg5pMGTOLMZdi1.mp4,video,1280,720,
781267834785509376,781475146083213312,https://video.twimg.com/ext_tw_video/781267834785509376/pu/vid/640x360/SpwhbaXHeqPXh2wp.mp4,video,640,360,
782349926445510656,782349934691581953,https://pbs.twimg.com/media/Ctt3HO_WcAAUtY-.jpg,photo,640,640,
782520836490203140,782520849815470080,https://pbs.twimg.com/media/CtwSjghXEAQ1wQ5.jpg,photo,639,447,
782520836498620416,782520849815470080,https://pbs.twimg.com/media/CtwSjgjXgAA2LBt.jpg,photo,637,500,
782520836502720512,782520849815470080,https://pbs.twimg.com/media/CtwSjgkWEAAN2fI.jpg,photo,639,409,
782520836506980353,782520849815470080,https://pbs.twimg.com/media/CtwSjglXEAE9TfY.jpg,photo,638,527,
782754046608236544,782754055806341121,https://pbs.twimg.com/media/CtzmqH6VYAAvaSB.jpg,photo,500,329,
786344217018703872,786344220978139136,https://pbs.twimg.com/media/Cumn5i6VIAA5iR-.jpg,photo,692,469,
792589150713176068,792589168991997955,https://pbs.twimg.com/media/Cv_Xoh0WYAQEvDf.jpg,photo,1536,1595,
792757727986454528,792757734072520705,https://pbs.twimg.com/media/CwBw9BGUEAAjtPj.jpg,photo,300,410,
792757728162684928,792757734072520705,https://pbs.twimg.com/media/CwBw9BwVIAAA8RM.jpg,photo,1241,1421,
794659570203394049,794659585885958144,https://pbs.twimg.com/media/CwcyqzdWgAElCKx.jpg,photo,2048,1536,
797249037153878016,797249045270003712,https://pbs.twimg.com/media/CxBlxnkUQAArD8N.jpg,photo,746,758,
797249037204213760,797249045270003712,https://pbs.twimg.com/media/CxBlxnwUUAAQGXV.jpg,photo,750,769,
797249037346869248,797249045270003712,https://pbs.twimg.com/media/CxBlxoSVEAAqe69.jpg,photo,750,492,
797249037372002304,797249045270003712,https://pbs.twimg.com/media/CxBlxoYUkAAXP2N.jpg,photo,750,579,
798690822657077249,798690836187938816,https://pbs.twimg.com/media/CxWFElHW8AEo6Hw.jpg,photo,471,336,
799088298106961920,799088750529748992,https://pbs.twimg.com/media/CxbuksjWQAAZFB7.jpg,photo,708,135,
800823365284073472,800823370480644096,https://pbs.twimg.com/media/Cx0Ym5eXEAAS7TR.jpg,photo,1170,678,
805421772141117440,805421890168913920,https://pbs.twimg.com/media/Cy1u1Z7WQAAt2QH.jpg,photo,2040,2048,
808479720366952448,808481890738896896,https://pbs.twimg.com/media/CzhMBayUUAA-xFt.jpg,photo,900,610,
808783674493648896,808783680353116160,https://pbs.twimg.com/media/Czlgd4JUQAA0jmJ.jpg,photo,746,934,
808783674497847296,808783680353116160,https://pbs.twimg.com/media/Czlgd4KUUAAQsWh.jpg,photo,750,458,
808783674497871872,808783680353116160,https://pbs.twimg.com/media/Czlgd4KUsAAqrn1.jpg,photo,750,940,
808783674585989120,808783680353116160,https://pbs.twimg.com/media/Czlgd4fVQAALCyd.jpg,photo,750,472,
808862417274798080,808862436648329216,https://pbs.twimg.com/media/CzmoFT3UAAA_9rA.jpg,photo,1536,2048,
808862417274826752,808862436648329216,https://pbs.twimg.com/media/CzmoFT3UcAAP8St.jpg,photo,1536,2048,
808862417274867716,808862436648329216,https://pbs.twimg.com/media/CzmoFT3VEAQe8wR.jpg,photo,1536,2048,
808862417274871809,808862436648329216,https://pbs.twimg.com/media/CzmoFT3VIAEQoni.jpg,photo,1536,2048,
811205278037180419,811205287646400512,https://pbs.twimg.com/media/C0H65wVUAAMGFxL.jpg,photo,1024,195,
811403855942578176,811403862234071040,https://pbs.twimg.com/media/C0KvggrW8AAhY8h.jpg,photo,2048,1319,
811761569486880768,811761575748980736,https://pbs.twimg.com/media/C0P02LeUQAA0kBg.jpg,photo,1024,1024,
812643004368289792,812643007203659776,https://pbs.twimg.com/media/C0cWgcSUAAA1IGz.jpg,photo,1175,739,
816278451317514241,816278466677145600,https://pbs.twimg.com/media/C1QA7TiWIAE4N0V.jpg,photo,1536,2048,
817122030906671104,817122034996101124,https://pbs.twimg.com/media/C1cAKGZWgAAtmQj.jpg,photo,750,439,
817443923740106752,817446287599489024,https://pbs.twimg.com/media/C1gk6upUoAA7lzX.jpg,photo,636,341,
817444897435201536,817446287599489024,https://pbs.twimg.com/media/C1glzZ8UsAAvRAA.jpg,photo,633,610,
817445015060234240,817446287599489024,https://pbs.twimg.com/media/C1gl6QIUQAAp1yf.jpg,photo,633,368,
817445117111873536,817446287599489024,https://pbs.twimg.com/media/C1gmAMTUsAAFs5D.jpg,photo,633,335,
817457141065728000,817457217372848128,https://pbs.twimg.com/media/C1gw8FBUQAAuscC.jpg,photo,1216,1242,
818871244066058243,818871248432361473,https://pbs.twimg.com/media/C103DtNW8AMxyTc.jpg,photo,2048,1872,
821606820661886977,821606828006055936,https://pbs.twimg.com/media/C2bvDOKXAAEDD6M.jpg,photo,1170,1345,
821606820666101760,821606828006055936,https://pbs.twimg.com/media/C2bvDOLXUAAihNS.jpg,photo,1024,819,
823286324400570368,823286330146713600,https://pbs.twimg.com/media/C2zmjNJVQAAgepQ.jpg,photo,745,330,
823942095782019072,823942113838542848,https://pbs.twimg.com/media/C286-H6UAAAYz8C.jpg,photo,606,590,
826124296976150528,826124303175471105,https://pbs.twimg.com/media/C3b7q82VMAAE8Js.jpg,photo,1536,2048,
826124296980279296,826124303175471105,https://pbs.twimg.com/media/C3b7q83UMAAhjcd.jpg,photo,373,403,
828025110720290816,828025127468167169,https://pbs.twimg.com/media/C328c32WIAA8v5G.jpg,photo,750,739,
828025110720368640,828025127468167169,https://pbs.twimg.com/media/C328c32XUAAz_RF.jpg,photo,750,740,
829012410489040896,829012482945597442,https://pbs.twimg.com/media/C4E-ZSGW8AA0Bnu.jpg,photo,2250,1418,
829096956760698880,829097929080123392,https://video.twimg.com/ext_tw_video/829096956760698880/pu/vid/480x480/exZbF2vmxAmDKVUr.mp4,video,480,480,
829500879258673152,829500883998228480,https://pbs.twimg.com/media/C4L6p6EWYAAwKbA.jpg,photo,750,393,
833417213306474496,833417230591234049,https://pbs.twimg.com/media/C5DkijTUEAAcEft.jpg,photo,2048,1152,
833551448755490816,833551454526771200,https://pbs.twimg.com/media/C5FeoFUVUAA7bJM.jpg,photo,1241,784,
833553398238547968,833553403552768001,https://pbs.twimg.com/media/C5FgZjtUEAA8fAR.jpg,photo,1241,784,
833553398246944769,833553403552768001,https://pbs.twimg.com/media/C5FgZjvUMAEt_zy.jpg,photo,1241,795,
839789729121984512,839789732167053312,https://pbs.twimg.com/media/C6eITypWYAAClr3.png,photo,631,1125,
842089426826084353,842089429359505408,https://pbs.twimg.com/media/C6-z30MUwAEoFRW.jpg,photo,1024,647,
849406950605541376,849406960667508736,https://pbs.twimg.com/media/C8mzHwiXUAAW_5W.jpg,photo,750,942,
849668241370750976,849668254360629248,https://pbs.twimg.com/media/C8qgw4fVoAAVl-S.jpg,photo,726,673,
850102707587235840,850103130486439938,https://pbs.twimg.com/media/C8wr6JRVwAAw9Pw.jpg,photo,517,370,
850264336777879552,850264603065950212,https://pbs.twimg.com/media/C8y-6M7UIAAC_Oy.jpg,photo,512,768,
850385944326926336,850385985623949313,https://pbs.twimg.com/media/C80tgsWXcAAcV4G.jpg,photo,500,404,
855118361545523200,855118485386481664,https://pbs.twimg.com/media/C939noTVwAAkVwj.jpg,photo,477,304,
859452836895182854,859452839554420736,https://pbs.twimg.com/media/C-1jzTRW0AYqjXV.jpg,photo,1280,853,
859526627210006530,859526631647576064,https://pbs.twimg.com/media/C-2m6dnXkAIX_7I.jpg,photo,745,629,
859588374784552960,859588377917652995,https://pbs.twimg.com/media/C-3fEpQWsAAyYDe.jpg,photo,733,941,
859588374906245124,859588377917652995,https://pbs.twimg.com/media/C-3fEptXkAQt_v1.jpg,photo,1000,1334,
860199442347065344,860199590599020544,https://pbs.twimg.com/media/C_AK1dUWAAAfOq_.png,photo,1400,1120,
863079156736679940,863079164848488448,https://pbs.twimg.com/media/C_pF65ZVYAQoM57.jpg,photo,640,865,
865568474315325440,865568477733675008,https://pbs.twimg.com/media/DAMd8QBXgAAAAiQ.jpg,photo,683,382,
865701290378117121,865701296002564096,https://pbs.twimg.com/media/DAOWvKaVwAEnfKR.jpg,photo,441,329,
865909490616385537,865909530437099524,https://pbs.twimg.com/media/DARUGAvUQAE0jVj.jpg,photo,2048,1536,
867054260831256578,867058810770210817,https://video.twimg.com/amplify_video/867054260831256578/vid/1280x720/35ZNWP4VFU20oj54.mp4,video,1920,1080,
867107790912987136,867107810529742849,https://pbs.twimg.com/media/DAiV8RNXoAAaV1O.jpg,photo,640,1136,
867107790921359360,867107810529742849,https://pbs.twimg.com/media/DAiV8RPXYAA1ZAv.jpg,photo,640,1136,
867107790921363456,867107810529742849,https://pbs.twimg.com/media/DAiV8RPXcAAXILf.jpg,photo,640,1136,
867111743440420869,867111752433102849,https://pbs.twimg.com/media/DAiZiVhWAAUr4U6.jpg,photo,560,320,
867348379533279233,867348385719885824,https://pbs.twimg.com/media/DAlwwXqXgAElyqS.jpg,photo,649,961,
867390073435717632,867390080268156928,https://pbs.twimg.com/media/DAmWrRjWAAA1wV4.jpg,photo,1000,560,
868478775390081027,868479120677720064,https://pbs.twimg.com/media/DA102EYXkAMfzFV.jpg,photo,540,521,
868856781459476481,868856787163901952,https://pbs.twimg.com/media/DA7Mo6uU0AE9YnM.jpg,photo,702,182,
870371681511940096,870371718128205824,https://pbs.twimg.com/media/DBQubtMUIAAXFxz.jpg,photo,1109,577,
870371701644607488,870371718128205824,https://pbs.twimg.com/media/DBQuc4MUQAAVFWJ.jpg,photo,975,650,
874731019357659138,874731026605637632,https://pbs.twimg.com/media/DCOrOkLUIAIkY7L.jpg,photo,750,675,
874731019361964032,874731026605637632,https://pbs.twimg.com/media/DCOrOkMV0AA9xy2.jpg,photo,750,494,
874745761191272448,874747648128843776,https://pbs.twimg.com/media/DCO4opyVoAAk033.jpg,photo,503,420,
875059791000764416,875059797716086784,https://pbs.twimg.com/media/DCTWPl_UAAAdUWH.jpg,photo,594,463,
878762061320388609,878762071516741632,https://pbs.twimg.com/media/DDH9cFsXgAETiwi.jpg,photo,1536,2048,
878762061328732161,878762071516741632,https://pbs.twimg.com/media/DDH9cFuW0AE7iX3.jpg,photo,640,1136,
880637093961236482,880637097165697026,https://pbs.twimg.com/media/DDimxWmXgAIQYB7.jpg,photo,1187,1262,
880820069021794304,880820080032063489,https://pbs.twimg.com/media/DDlNL50UQAA_ESB.jpg,photo,750,568,
881537745264541698,881537750402576384,https://pbs.twimg.com/media/DDvZ6KKXgAIFi_A.jpg,photo,749,431,
885597600530825216,885598368566607872,https://pbs.twimg.com/media/DEpGU1mUAAAqkF5.jpg,photo,1276,716,
885597716113276928,885598368566607872,https://pbs.twimg.com/media/DEpGbkLUQAAbXrq.jpg,photo,1276,716,
885597739605610496,885598368566607872,https://pbs.twimg.com/media/DEpGc7sU0AAHmi8.jpg,photo,1276,716,
885597767401324545,885598368566607872,https://pbs.twimg.com/media/DEpGejPVwAET0rm.jpg,photo,1264,700,
885962144402989056,885962148794454016,https://pbs.twimg.com/media/DEuR4FWVYAAmBmS.jpg,photo,886,500,
886075807432450048,886075809751982081,https://pbs.twimg.com/media/DEv5QJIUIAAKp1W.jpg,photo,550,976,
886239647768215554,886239657478029312,https://pbs.twimg.com/media/DEyOQ58XgAIEszD.jpg,photo,1078,673,
887556626554667009,887556628576296960,https://pbs.twimg.com/media/DFE8DKPVwAEDZnT.jpg,photo,640,480,
887662961266786304,887662967281643520,https://pbs.twimg.com/media/DFGcwp6UAAAfmh2.jpg,photo,584,247,
889813181694083072,889813190577672193,https://pbs.twimg.com/media/DFlAX9NWAAA5lOh.jpg,photo,750,615,
890413501457420288,890413508063580161,https://pbs.twimg.com/media/DFtiXKmU0AAibgQ.jpg,photo,1067,1127,
891445104891899904,891445109929246720,https://pbs.twimg.com/media/DF8MmY3XsAAcISw.jpg,photo,720,709,
891857940751282176,891857975492698115,https://pbs.twimg.com/media/DGCEEmSXcAAXTbq.jpg,photo,1079,610,
891857953862672384,891857975492698115,https://pbs.twimg.com/media/DGCEFXIXYAAB6mI.jpg,photo,1062,1315,
891976606994104320,891976643962687489,https://pbs.twimg.com/media/DGDv_4fXgAA5SMv.jpg,photo,1551,2048,
891976630524051456,891976643962687489,https://pbs.twimg.com/media/DGDwBQJWAAAEt6A.jpg,photo,1446,2048,
892487799420715008,892487830106198017,https://pbs.twimg.com/media/DGLA7MrXgAAOIBN.jpg,photo,383,346,
892487799496224768,892487830106198017,https://pbs.twimg.com/media/DGLA7M9XsAAUQF7.jpg,photo,385,320,
892487799508742144,892487830106198017,https://pbs.twimg.com/media/DGLA7NAWsAAQLGE.jpg,photo,385,339,
892487800100204545,892487830106198017,https://pbs.twimg.com/media/DGLA7PNXsAEvzCs.jpg,photo,383,317,
892510462566215680,892510512478527489,https://pbs.twimg.com/media/DGLViXeUMAAX9LA.jpg,photo,540,304,
892510469549809664,892510512478527489,https://pbs.twimg.com/media/DGLVixfVYAAiBmr.jpg,photo,540,304,
896370055432331265,896370068690526212,https://pbs.twimg.com/media/DHCL0PVXYAEvnV6.jpg,photo,1536,2048,
897172781237813248,897172785776148480,https://pbs.twimg.com/media/DHNl5B_UQAAI3PU.jpg,photo,750,553,
897172781246193665,897172785776148480,https://pbs.twimg.com/media/DHNl5CBUIAEqJia.jpg,photo,400,321,
897186858236469249,897186867162095617,https://pbs.twimg.com/media/DHNysa5VYAE-1xk.jpg,photo,1242,813,
897186858240679936,897186867162095617,https://pbs.twimg.com/media/DHNysa6VoAALA-A.jpg,photo,1241,1664,
897236346816806913,897236522210078720,https://pbs.twimg.com/media/DHOftCOVwAErbcn.jpg,photo,960,960,
902617189441724416,902617197515640832,https://pbs.twimg.com/media/DIa9jTDV4AAoxru.jpg,photo,527,425,
902617189450039297,902617197515640832,https://pbs.twimg.com/media/DIa9jTFUwAErSN0.jpg,photo,296,342,
904053834665922560,904053901741174784,https://pbs.twimg.com/media/DIvYLDkXkAA4x_a.jpg,photo,680,436,
905216756649680896,905216839919198208,https://pbs.twimg.com/media/DI_52BjV4AA-xtQ.jpg,photo,412,390,
905248140684558336,905248145873010688,https://pbs.twimg.com/media/DJAWY0MWAAACbr6.jpg,photo,1388,1578,
905985322361569280,905985330960101377,https://pbs.twimg.com/media/DJK02b8UQAATTAj.jpg,photo,256,278,
908359856351932416,908359858495176704,https://pbs.twimg.com/media/DJskegYU8AAgvV8.jpg,photo,1024,767,
908470590692093953,908470596639559680,https://pbs.twimg.com/media/DJuJMF8XcAEx4Fu.jpg,photo,825,828,
908535040740659200,908535046700720128,https://pbs.twimg.com/media/DJvDzlFXkAAQe0n.jpg,photo,540,960,
908734914954170368,908734944389758976,https://pbs.twimg.com/media/DJx5lyjWkAAmgg5.jpg,photo,259,207,
908734920465448965,908734944389758976,https://pbs.twimg.com/media/DJx5mHFWAAUfJm4.jpg,photo,1024,796,
908734921178566656,908734944389758976,https://pbs.twimg.com/media/DJx5mJvXUAAsZyr.jpg,photo,400,296,
908783765505302528,908783996838055936,https://pbs.twimg.com/media/DJymBRCV4AAKkVM.jpg,photo,1122,1516,
910934302984101888,910934485834776576,https://video.twimg.com/ext_tw_video/778789202230071297/pu/vid/1280x720/AMvhRaDZKj8uFNVz.mp4,video,1280,720,
912851974407811074,912876968055521280,https://video.twimg.com/amplify_video/912851974407811074/vid/1280x720/sTNufW1XBdktqp4H.mp4,video,1280,720,
913135099146780677,913135112774209539,https://pbs.twimg.com/media/DKwbiOCVwAUJtrt.jpg,photo,1536,2048,
915418551472726016,915418584783958016,https://pbs.twimg.com/media/DLQ4Uo1VoAAtcqv.jpg,photo,1229,370,
916034114867757056,916034123562598400,https://pbs.twimg.com/media/DLZoLJLVAAAmvIz.jpg,photo,2048,2048,
917418744443412480,917418758838288384,https://pbs.twimg.com/media/DLtTfMTVoAABAWp.jpg,photo,640,1136,
917420669201027075,917420823639498752,https://pbs.twimg.com/media/DLtVPOlUEAMtmq8.jpg,photo,1400,1050,
918099716675584000,918099720106659840,https://pbs.twimg.com/media/DL2-0_jVwAAQL7S.jpg,photo,1027,457,
918127273714253826,918127285387059201,https://pbs.twimg.com/media/DL3X5BhWAAIT5xd.jpg,photo,750,522,
920828931237863424,920828941304287232,https://pbs.twimg.com/media/DMdxCMFV4AAZjTp.jpg,photo,750,1334,
920933969788592128,920934230099623936,https://pbs.twimg.com/media/DMfQkPLW4AATq9P.jpg,photo,720,960,
922210105050914816,922210108280623112,https://pbs.twimg.com/media/DMxZNFfV4AAHFlh.jpg,photo,480,359,
922486287516315648,922486295611371526,https://pbs.twimg.com/media/DM1UZBWUMAAh_pR.jpg,photo,920,1412,
922491741491617793,922492350353543168,https://video.twimg.com/amplify_video/922491741491617793/vid/1280x720/rNJCPGtIbByeLTep.mp4,video,1280,720,
922955032386875392,922955338369810432,https://pbs.twimg.com/media/DM7-tkEUMAAKG7a.jpg,photo,623,698,
923040129735782401,923040162233294849,https://pbs.twimg.com/media/DM9MG4ZU8AETTKz.jpg,photo,1690,860,
926821219332079619,926822260547117056,https://pbs.twimg.com/media/DNy6_QyVQAMq2Uv.jpg,photo,381,319,
927589656832741376,927589662708953090,https://pbs.twimg.com/media/DN914NjXkAAittU.jpg,photo,944,766,
928801601350803456,928801609420853249,https://pbs.twimg.com/media/DOPEIqtUIAAQoC2.jpg,photo,719,545,
928829361456902144,928829368406892544,https://pbs.twimg.com/media/DOPdYhKXcAA2Ziw.jpg,photo,750,937,
930925320655462400,930925926975619072,https://video.twimg.com/ext_tw_video/930925320655462400/pu/vid/640x360/WboRjlbvpmr2qdet.mp4,video,640,360,
932523630696849408,932523808011022336,https://video.twimg.com/ext_tw_video/932523630696849408/pu/vid/320x180/hSu70VOCUf7PopVF.mp4,video,480,270,
932830363591643136,932830369555955712,https://pbs.twimg.com/media/DPIURfmUEAA_t64.jpg,photo,1536,2048,
933010274067427328,933010280967294977,https://pbs.twimg.com/media/DPK35qWUMAAPVVR.jpg,photo,480,360,
933414025437868037,933414031158906880,https://pbs.twimg.com/media/DPQnHFaXcAUmoFm.jpg,photo,1125,783,
933458150379810816,933458159221526528,https://pbs.twimg.com/media/DPRPPfoU8AAVrY2.jpg,photo,1024,516,
933547430955618304,933547439373635584,https://pbs.twimg.com/media/DPSgcTsWkAAZJU7.jpg,photo,639,826,
933547430955626499,933547439373635584,https://pbs.twimg.com/media/DPSgcTsWsAMJakE.jpg,photo,639,806,
933547430959894528,933547439373635584,https://pbs.twimg.com/media/DPSgcTtX0AAhOCp.jpg,photo,639,815,
936978818136502272,936978899526963200,https://pbs.twimg.com/media/DQDRRVEXcAAQH35.jpg,photo,540,624,
936978818304225280,936978899526963200,https://pbs.twimg.com/media/DQDRRVsWsAAWFOD.jpg,photo,960,1075,
939166546034700288,939166551709765633,https://pbs.twimg.com/media/DQiW_2lUMAAhKzl.jpg,photo,1064,1062,
941063845027618817,941063865214828544,https://pbs.twimg.com/media/DQ9UlMHVoAE3c5g.jpg,photo,740,539,
941063858659065856,941063865214828544,https://pbs.twimg.com/media/DQ9Ul-5VAAARMXg.jpg,photo,472,134,
941846928085700608,941846935014727681,https://pbs.twimg.com/media/DRIcyn1XUAA_lO7.jpg,photo,480,319,
943371377477697536,943371383643496449,https://pbs.twimg.com/media/DReHRQXUQAAE5Mz.jpg,photo,640,401,
945028949163282432,945028985595092994,https://pbs.twimg.com/media/DR1q0oFWkAAP1TS.jpg,photo,1398,2048,
946899189417603072,946899206966521856,https://pbs.twimg.com/media/DSQPy79XcAARPUR.jpg,photo,419,373,
948196454434295808,948196558344019969,https://pbs.twimg.com/media/DSirpsvXUAAmaP0.jpg,photo,900,1200,
949431037653811201,949431055567736833,https://pbs.twimg.com/media/DS0Of5oWAAE0uoO.jpg,photo,600,901,
952794817892880387,952794837773946880,https://pbs.twimg.com/media/DTkB1rhWkAMXU2T.jpg,photo,1536,2048,
953430250800627712,953430272808292352,https://pbs.twimg.com/media/DTtDwvkVQAAxc5h.jpg,photo,1124,1350,
955506077352767488,955506086647402496,https://pbs.twimg.com/media/DUKjtwFWsAA2N2Y.jpg,photo,2048,1354,
955643583394181120,955643591489146881,https://pbs.twimg.com/media/DUMgxqAXcAASAjV.jpg,photo,1241,500,
956187807759945728,956187819302637568,https://pbs.twimg.com/media/DUUPvrwXUAA60mP.jpg,photo,619,1735,
956239722321465346,956239749009862656,https://pbs.twimg.com/media/DUU-9gkW0AImqKP.jpg,photo,818,380,
961699579602157569,961699584182386688,https://pbs.twimg.com/media/DVikrB7UQAEUvwu.jpg,photo,519,403,
961699579606347776,961699584182386688,https://pbs.twimg.com/media/DVikrB8UMAAH-j3.jpg,photo,400,405,
961699579614777345,961699584182386688,https://pbs.twimg.com/media/DVikrB-U0AEdPSW.jpg,photo,640,458,
961699579744870401,961699584182386688,https://pbs.twimg.com/media/DVikrCdV4AEaeqK.jpg,photo,737,1009,
961730923883479040,961730931349483521,https://pbs.twimg.com/media/DVjBLgeVQAAUsl-.jpg,photo,685,583,
962733153533259776,962733158042161152,https://pbs.twimg.com/media/DVxQs83XcAAONRd.jpg,photo,1566,794,
964769428515700736,964769441128046592,https://pbs.twimg.com/media/DWOMrwTVwAA6BVo.jpg,photo,2048,2048,
966071778736001025,966071877180579841,https://pbs.twimg.com/media/DWgtKg8W0AEPhe5.jpg,photo,614,275,
966599326951714817,966599333775794176,https://pbs.twimg.com/media/DWoM93MWsAE97of.jpg,photo,960,540,
970743205732892672,970743214943756289,https://pbs.twimg.com/media/DXjFzWnVQAAzZ9H.jpg,photo,606,451,
971109430510092294,971109445492232192,https://pbs.twimg.com/media/DXoS4cOWAAY80K-.jpg,photo,768,1920,
971456090784321537,971456108895391745,https://pbs.twimg.com/media/DXtOKuYW0AEsD1S.jpg,photo,1000,600,
971485088725712896,971485093733765123,https://pbs.twimg.com/media/DXtoioIVwAAmezS.jpg,photo,1241,932,
972213075196624896,972213080196337664,https://pbs.twimg.com/media/DX3-pBEVwAA3HNw.jpg,photo,500,500,
973684012232224769,973684018335031296,https://pbs.twimg.com/media/DYM4c0iUMAE7mHK.jpg,photo,719,465,
975058596571443200,975058606549807106,https://pbs.twimg.com/media/DYgaoKPU8AAK_fT.jpg,photo,640,640,
975507646076735488,975507648316563457,https://pbs.twimg.com/media/DYmzCSAU0AAixsM.jpg,photo,960,960,
976544342075731968,976544347448664065,https://pbs.twimg.com/media/DY1h57jXcAAjNnr.jpg,photo,748,448,
976591026121949186,976591094723964928,https://pbs.twimg.com/media/DY2MXTLVQAIAmEs.jpg,photo,1536,2048,
976591026155474944,976591094723964928,https://pbs.twimg.com/media/DY2MXTTU0AAvEpW.jpg,photo,1536,2048,
976591026168070144,976591094723964928,https://pbs.twimg.com/media/DY2MXTWVAAAlSa4.jpg,photo,1536,2048,
976767820137721857,976768705576230912,https://pbs.twimg.com/media/DY4tKENXcAEgOWz.jpg,photo,1024,527,
976855471121403904,976855475525505026,https://pbs.twimg.com/media/DY584BkWkAAplH2.jpg,photo,575,320,
977207955803295744,977208035708997632,https://pbs.twimg.com/media/DY-9dVVXUAAmfm7.jpg,photo,1122,1214,
977207970818940928,977208035708997632,https://pbs.twimg.com/media/DY-9eNRX4AAITmL.jpg,photo,1108,1224,
977207984286773249,977208035708997632,https://pbs.twimg.com/media/DY-9e_cWsAEmvg4.jpg,photo,1128,688,
977208890373926912,977208915552276480,https://pbs.twimg.com/media/DY--Tu4XcAAcaa0.jpg,photo,834,44,
977331480249675777,977331503083397121,https://pbs.twimg.com/media/DZAtzZwWsAEvZSI.jpg,photo,1907,2048,
977331499581235201,977331503083397121,https://pbs.twimg.com/media/DZAt0hxW4AEdNSQ.jpg,photo,219,313,
977609516777750528,977609545186004993,https://pbs.twimg.com/media/DZEqrQiUQAADwqu.jpg,photo,2048,1536,
978645777533739008,978645788858507266,https://pbs.twimg.com/media/DZTZJkrVoAAQ4mc.jpg,photo,600,600,
978645780306079746,978645788858507266,https://pbs.twimg.com/media/DZTZJvAUMAI9pZJ.jpg,photo,1080,1080,
978683120986853376,978683141140475905,https://pbs.twimg.com/media/DZT7HP4XkAAp3sD.jpg,photo,749,748,
978683121087508485,978683141140475905,https://pbs.twimg.com/media/DZT7HQQXcAUiGy1.jpg,photo,640,642,
978729623558107136,978729859361923072,https://video.twimg.com/ext_tw_video/978729623558107136/pu/vid/1280x720/bIc2qNIgRCFBowKh.mp4,video,1280,720,
980467250439143424,980467915911778305,https://video.twimg.com/ext_tw_video/980467250439143424/pu/vid/1280x720/vpSKhJY5yFcxoBdI.mp4,video,1280,720,
980550230310612993,980550236107091968,https://pbs.twimg.com/media/DZudPUIXcAEME8M.jpg,photo,626,621,
980550230314799109,980550236107091968,https://pbs.twimg.com/media/DZudPUJXUAUFtGV.jpg,photo,293,450,
980550230327349248,980550236107091968,https://pbs.twimg.com/media/DZudPUMW0AATDvE.jpg,photo,219,419,
980899441849724928,980899446316830722,https://pbs.twimg.com/media/DZza2GfU8AARpEx.jpg,photo,750,938,
981145233462386693,981145243138560000,https://pbs.twimg.com/media/DZ26ZDmX4AUGChE.jpg,photo,686,516,
984929585958608896,984929590341718017,https://pbs.twimg.com/media/DassPXPV4AAQcoD.jpg,photo,540,538,
985364478517825539,985364486315040768,https://pbs.twimg.com/media/Day3xcRX0AMGUPY.jpg,photo,542,417,
988083887321505798,988083896767180800,https://pbs.twimg.com/media/DbZhD3gV4AYvEou.jpg,photo,640,1136,
988083887325691904,988083896767180800,https://pbs.twimg.com/media/DbZhD3hVwAAgxLJ.jpg,photo,640,869,
988467565608554496,988467567730855942,https://pbs.twimg.com/media/Dbe-A4gX0AA2DnX.jpg,photo,1600,900,
991005167289020416,991005177971990528,https://pbs.twimg.com/media/DcDB8vbWsAASrzo.jpg,photo,1080,1819,
991299566657003520,991299582930882560,https://pbs.twimg.com/media/DcHNtCiW4AALPEG.jpg,photo,749,999,
991299566657032192,991299582930882560,https://pbs.twimg.com/media/DcHNtCiXUAA2FCn.jpg,photo,749,927,
991338831872851969,991338839414333440,https://pbs.twimg.com/media/DcHxak3VAAEmtV-.jpg,photo,638,742,
991672643781787648,991672651209994240,https://pbs.twimg.com/media/DcMhA_IWAAA4ak_.jpg,photo,717,463,
996067296828272640,996067309138493441,https://pbs.twimg.com/media/DdK97dfVMAAFox9.jpg,photo,1536,2048,
996198682889465861,996198724723527680,https://video.twimg.com/ext_tw_video/996198682889465861/pu/vid/1280x720/7kQTZNefzkQzVmK6.mp4?tag=3,video,1280,720,
997441638585663489,997441647498612737,https://pbs.twimg.com/media/Ddef4rgVAAEcxBp.jpg,photo,1241,1434,
999377831858618368,999377840461303814,https://pbs.twimg.com/media/Dd6A19hVQAATWil.jpg,photo,746,769,
999788716326453248,999788723700191232,https://pbs.twimg.com/media/Dd_2ilcVAAAW9Px.jpg,photo,720,1029,
1001161284337963009,1001161285994676226,https://pbs.twimg.com/media/DeTW4jvWkAEsEbD.jpg,photo,599,653,
1001516852491816960,1001516854341505024,https://pbs.twimg.com/media/DeYaRWVXkAAz8_G.jpg,photo,780,438,
1001880285921906689,1001880290166439936,https://pbs.twimg.com/media/Dedkz9XXkAETJAU.jpg,photo,1024,1022,
1001904710603821056,1001904740257550339,https://pbs.twimg.com/media/Ded7BqZU0AAMyqB.jpg,photo,640,795,
1001929722610307072,1001929790029553670,https://pbs.twimg.com/media/DeeRxjYX0AA-5uv.jpg,photo,835,471,
1002984378090192896,1002984414622748673,https://video.twimg.com/ext_tw_video/1002984378090192896/pu/vid/1280x720/aQewzneEELsfqWDs.mp4?tag=3,video,1280,720,
1003693128589758464,1003693142007091200,https://pbs.twimg.com/media/De3VlSkX0AAqX0R.jpg,photo,1024,964,
1003816176621797376,1003817212283686914,https://pbs.twimg.com/media/De5FfoNVQAAguZc.jpg,photo,630,553,
1005965424675213312,1005965433239949312,https://pbs.twimg.com/media/DfXoOVIXUAAvKq6.jpg,photo,768,1024,
1006256670064955404,1006256763014995973,https://video.twimg.com/ext_tw_video/1006256670064955404/pu/vid/1280x720/hpFgX-aCHjfqJpVG.mp4?tag=3,video,1280,720,
1013861186071351297,1013861237153726469,https://pbs.twimg.com/media/DhH1YIdW0AEYwVe.jpg,photo,750,419,
1013865464106188800,1013865471614111744,https://pbs.twimg.com/media/DhH5RJYWAAAhWZS.jpg,photo,1334,750,
1014451815558057985,1014451832557535232,https://pbs.twimg.com/media/DhQOjSwWkAE0_Po.jpg,photo,1536,2048,
1014522725522522112,1014522790505058304,https://video.twimg.com/ext_tw_video/1014522725522522112/pu/vid/592x1280/LOlvfAiGy7F3ocAM.mp4?tag=3,video,592,1280,
1017074805680562177,1017074807635136512,https://pbs.twimg.com/media/Dh1gJaaW4AEK_mW.jpg,photo,1600,900,
1017441786380161024,1017441792596299776,https://pbs.twimg.com/media/Dh6t6gDUEAA_jKE.jpg,photo,750,989,
1017441786380279809,1017441792596299776,https://pbs.twimg.com/media/Dh6t6gDV4AEdTzT.jpg,photo,747,996,
1017552094008508416,1017552101814173696,https://pbs.twimg.com/media/Dh8SPP_VAAAJEc8.jpg,photo,1122,840,
1017552094016884736,1017552101814173696,https://pbs.twimg.com/media/Dh8SPQBU0AAq8e7.jpg,photo,1122,840,
1017801782632767488,1017801791558152192,https://pbs.twimg.com/media/Dh_1VCmV4AACmyB.jpg,photo,576,754,
1020764679327633409,1020764684868349959,https://pbs.twimg.com/media/Dip8EU6W0AEvVw-.jpg,photo,465,343,
1024291538443137024,1024291542666756096,https://pbs.twimg.com/media/DjcDui9XcAADG-l.jpg,photo,749,927,
1025042962542145536,1025043000471302144,https://pbs.twimg.com/media/DjmvJL3WsAA-h4d.jpg,photo,2048,1639,
1025233169035841536,1025233186014412800,https://pbs.twimg.com/media/DjpcIqRUUAAQaaI.jpg,photo,700,736,
1025233170235412481,1025233186014412800,https://pbs.twimg.com/media/DjpcIuvUUAEGgLM.jpg,photo,700,732,
1025233171468546049,1025233186014412800,https://pbs.twimg.com/media/DjpcIzVUcAEKD51.jpg,photo,700,801,
1028287668843700224,1028287672849244160,https://pbs.twimg.com/media/DkU2L8xX4AA-2cK.jpg,photo,750,350,
1028819435929448448,1028819442099269632,https://pbs.twimg.com/media/DkcZ03iXsAAfsxC.jpg,photo,796,564,
1031300943877480448,1031300982477664257,https://pbs.twimg.com/media/Dk_qvpBXoAAysxX.jpg,photo,1430,448,
1031967165505843201,1031967172401225728,https://pbs.twimg.com/media/DlJIq1_XsAEyo_m.jpg,photo,1536,2048,
1032152123994034176,1032152165467521024,https://pbs.twimg.com/media/DlLw42DUUAAEdNo.jpg,photo,750,1334,
1032152123994062849,1032152165467521024,https://pbs.twimg.com/media/DlLw42DUwAE-Q6l.jpg,photo,750,1334,
1032152123998265344,1032152165467521024,https://pbs.twimg.com/media/DlLw42EU4AADDqH.jpg,photo,750,1334,
1032339263583670272,1032339281988276224,https://pbs.twimg.com/media/DlObFzWX0AAi9VA.jpg,photo,1152,2048,
1032341019256225792,1032341024813662208,https://pbs.twimg.com/media/DlOcr_vVAAAKIeq.jpg,photo,720,516,
1032454024816017408,1032454030365261825,https://pbs.twimg.com/media/DlQDdyQUwAAM7d1.jpg,photo,575,1024,
1032827647380922368,1032827658281857025,https://pbs.twimg.com/media/DlVXRexXoAA34vi.jpg,photo,750,918,
1032827647389253632,1032827658281857025,https://pbs.twimg.com/media/DlVXRezWwAAcyv2.jpg,photo,750,860,
1033900836357910528,1033900957954965504,https://pbs.twimg.com/media/DlknVTQXsAAt73Y.jpg,photo,640,720,
1033900836458561537,1033900957954965504,https://pbs.twimg.com/media/DlknVToXgAEzvwh.jpg,photo,640,720,
1037520659893473280,1037520671331340288,https://pbs.twimg.com/media/DmYDiwwUUAAvBtz.jpg,photo,332,425,
1039705833062318081,1039706681670660096,https://video.twimg.com/ext_tw_video/1039705833062318081/pu/vid/360x640/-koKN7a8pOk0c0tw.mp4?tag=5,video,720,1280,
1040297056538116103,1040297065916653569,https://pbs.twimg.com/media/Dm_gqUPWwAcbTgf.jpg,photo,1870,1342,
1043179028038004737,1043183150216765440,https://video.twimg.com/ext_tw_video/910934302984101888/pu/vid/1280x720/JsBONuIzrSyAsnA0.mp4,video,1280,720,
1048711030468202496,1048711036067618816,https://pbs.twimg.com/media/Do3FIDsXUAADPAa.jpg,photo,1116,1444,
1049887954607464451,1049887962723479553,https://pbs.twimg.com/media/DpHziDxW4AMGmJg.jpg,photo,540,540,
1060100686938103810,1060100699466485761,https://pbs.twimg.com/media/DrY79UcX4AIV6Gp.jpg,photo,742,1024,
1060389330579939328,1060389337521643520,https://pbs.twimg.com/media/DrdCelzU4AApIiU.jpg,photo,1935,1734,
1062696848069029888,1062696852112531456,https://pbs.twimg.com/media/Dr91JyUU8AA1ZSD.jpg,photo,750,538,
1062696848069091328,1062696852112531456,https://pbs.twimg.com/media/Dr91JyUV4AAvw_3.jpg,photo,750,538,
1063533810090942464,1063533815631659008,https://pbs.twimg.com/media/DsJuXY0WoAANCZi.jpg,photo,1125,1662,
1065782774714384384,1065782779290505218,https://pbs.twimg.com/media/DspryW6UwAAvbKj.jpg,photo,500,313,
1065782774714400768,1065782779290505218,https://pbs.twimg.com/media/DspryW6VAAAIX3S.jpg,photo,500,313,
1065782774722752513,1065782779290505218,https://pbs.twimg.com/media/DspryW8UcAEEwhS.jpg,photo,500,313,
1065782774726975488,1065782779290505218,https://pbs.twimg.com/media/DspryW9U4AAsFjn.jpg,photo,500,313,
1066178304871448577,1066178407405301760,https://pbs.twimg.com/media/DsvThPkXQAEjg0i.jpg,photo,400,515,
1066178304888250368,1066178407405301760,https://pbs.twimg.com/media/DsvThPoXoAAuPzh.jpg,photo,400,300,
1070165157949493248,1070165183564255232,https://pbs.twimg.com/media/Dtn9ioqUUAAyo-8.jpg,photo,1536,2048,
1071510253299216384,1071510279895347201,https://pbs.twimg.com/media/Dt7E5fUWsAAhL7y.jpg,photo,1536,2048,
1071510253299269635,1071510279895347201,https://pbs.twimg.com/media/Dt7E5fUXgAMIxvK.jpg,photo,2048,2048,
1075455243608039424,1075455284963917829,https://pbs.twimg.com/media/DuzI2JcWoAA_LJ5.jpg,photo,495,365,
1076353569199075328,1076353573758386176,https://pbs.twimg.com/media/Du_53lDVsAAk74F.jpg,photo,1863,714,
1076663910982311936,1076663917743464455,https://pbs.twimg.com/media/DvEUH2SVYAAXabv.jpg,photo,375,331,
1080168758147276800,1080168956659466241,https://video.twimg.com/ext_tw_video/1080168758147276800/pu/vid/408x720/eztqLMj-AXaFk1Eg.mp4?tag=6,video,408,720,
1082999655141597185,1082999681112858624,https://pbs.twimg.com/media/DweWcsiV4AEYnRd.jpg,photo,768,1024,
1083246045780369408,1083246093217935361,https://pbs.twimg.com/media/Dwh2ihMV4AAu0vm.jpg,photo,309,158,
1084661287135543297,1084661289903841280,https://pbs.twimg.com/media/Dw19saFVAAE99di.jpg,photo,803,570,
1087014011575635968,1087014015002443777,https://pbs.twimg.com/media/DxXZe_nWkAA6egL.jpg,photo,411,259,
1087335132774715393,1087335140152492032,https://pbs.twimg.com/media/Dxb9itTW0AEKt8J.jpg,photo,2048,1536,
1090366447086387200,1090366478535278602,https://pbs.twimg.com/media/DyHCgbGWwAAnCYp.jpg,photo,419,335,
1090400612733407237,1090400620123770886,https://pbs.twimg.com/media/DyHhlIDX0AU0Lyh.jpg,photo,1200,1200,
1091104153735188485,1091104164023857152,https://pbs.twimg.com/media/DyRhcmhW0AU0OXX.jpg,photo,2035,1360,
1096221127691497473,1096221209010683904,https://pbs.twimg.com/media/DzaPTr9UcAERnL2.jpg,photo,960,619,
1096976274327777281,1096976292300378112,https://pbs.twimg.com/media/Dzk-HAZWsAEPRR-.jpg,photo,1125,1847,
1100075392818384896,1100075398887600130,https://pbs.twimg.com/media/D0RAvccWkAAVlKN.jpg,photo,567,700,
1102810858747387905,1102810862815862784,https://pbs.twimg.com/media/D034ohIU4AEn20M.jpg,photo,1125,625,
1105455421412777985,1105455525074997249,https://video.twimg.com/ext_tw_video/1105455421412777985/pu/vid/720x1280/y5YqOU-V4Q8xzKAi.mp4?tag=8,video,720,1280,
1106222607739863040,1106222609534992384,https://pbs.twimg.com/media/D1oXmcjXQAA2ucT.png,photo,530,720,
1106233405249937410,1106233479937908742,https://pbs.twimg.com/media/D1oha8aX4AIGPGh.jpg,photo,1154,550,
1112019446539776000,1112019556787118080,https://pbs.twimg.com/media/D26vy35UcAAGbGC.jpg,photo,1332,1192,
1113979297633583111,1113979302914211840,https://pbs.twimg.com/media/D3WmROKWwAcCCOR.jpg,photo,750,1334,
1114630440231374848,1114630784990625792,https://pbs.twimg.com/media/D3f2etXUEAAGzyp.jpg,photo,498,330,
1115996940855140353,1115997333496451073,https://pbs.twimg.com/media/D3zRTg4X4AE5gXd.png,photo,843,476,
1118898145646108672,1118898154638675968,https://pbs.twimg.com/media/D4cf728UYAAA9wV.png,photo,744,900,
1120444657740206081,1120444666036486144,https://pbs.twimg.com/media/D4yeetcW0AEtlm8.jpg,photo,750,545,
1121438401763381250,1121439800584802310,https://pbs.twimg.com/media/D5AmSOaWkAIWozb.jpg,photo,2880,1786,
1122933682606624768,1122933807353610242,https://pbs.twimg.com/media/D5V2PBoW0AAeF0K.jpg,photo,680,279,
1123346535083732992,1123346927519559680,https://pbs.twimg.com/media/D5btuM9U8AA9P1Y.jpg,photo,570,551,
1125566579071078401,1125566581897957376,https://pbs.twimg.com/media/D57Q1xSVUAEfyOR.jpg,photo,399,423,
1125635530689957888,1125635535542804480,https://pbs.twimg.com/media/D58PjSFVUAA5KZt.jpg,photo,613,719,
1125635530702508032,1125635535542804480,https://pbs.twimg.com/media/D58PjSIU0AA4T7T.jpg,photo,1125,625,
1131549978785144833,1131550049920536576,https://video.twimg.com/ext_tw_video/1131549978785144833/pu/vid/626x360/jxeWcPYQGr5SXZQu.mp4?tag=9,video,626,360,
1142842916647424000,1142842921277960197,https://pbs.twimg.com/media/D9wxk-DXUAAvcC7.jpg,photo,1024,282,
1143279997299363840,1143280089133699072,https://video.twimg.com/ext_tw_video/1143279997299363840/pu/vid/720x1280/1ueWr6dopBPho7MB.mp4?tag=10,video,720,1280,
1145827432739614725,1145827434719260673,https://pbs.twimg.com/media/D-bL-q5XsAUGw2r.jpg,photo,393,195,
1148217020107956224,1148217076441591808,https://video.twimg.com/ext_tw_video/1148217020107956224/pu/vid/720x1280/KwG27Bd51yKJ5rPh.mp4?tag=10,video,720,1280,
1150921812236128256,1150921816455573505,https://pbs.twimg.com/media/D_jlSlaVUAA0gZQ.jpg,photo,1242,461,
1161353421766692864,1161353495775272960,https://pbs.twimg.com/media/EB30yLMWkAAcbEa.jpg,photo,2048,1536,
1161353421766778884,1161353495775272960,https://pbs.twimg.com/media/EB30yLMX4AQdp1l.jpg,photo,2048,1536,
1165375814667362304,1165375820300349440,https://pbs.twimg.com/media/ECw_IQcUYAA-_37.jpg,photo,1000,1000,
1171264131577593856,1171264135578996736,https://pbs.twimg.com/media/EEEqhaTWwAAQtDl.jpg,photo,828,1317,
1171264131602767872,1171264135578996736,https://pbs.twimg.com/media/EEEqhaZW4AAJUSY.jpg,photo,814,1146,
1171519051157270528,1171519055552860160,https://pbs.twimg.com/media/EEISXrvU8AAqlzN.jpg,photo,1536,2048,
1173133447113707520,1173133451668729856,https://pbs.twimg.com/media/EEfOp5VXkAAHWiX.jpg,photo,1125,1032,
1173613582388477954,1173613587052617728,https://pbs.twimg.com/media/EEmDVcnWwAIlrZA.png,photo,764,862,
1174360932266496000,1174360934237855749,https://pbs.twimg.com/media/EEwrC73XUAAwmXa.png,photo,526,159,
1182047190719447045,1182047291084959744,https://video.twimg.com/ext_tw_video/1182047190719447045/pu/vid/1280x720/q_7ohuvPKG82IVnU.mp4?tag=10,video,1280,720,
1189666894451806209,1189666915087601664,https://pbs.twimg.com/media/EIKLvMTXkAEtEgr.jpg,photo,1536,2048,
1191406810227449858,1191406812853129217,https://pbs.twimg.com/media/EIi6LnqWoAIdQlb.jpg,photo,773,688,
1196551280547762177,1196551284914098177,https://pbs.twimg.com/media/EJsBDNCWkAEaRby.jpg,photo,1023,767,
1197603294673195009,1197603300427714560,https://pbs.twimg.com/media/EJ692fDVUAE2MCQ.jpg,photo,1086,418,
1197923304910344192,1197923319879745542,https://pbs.twimg.com/media/EJ_g5iFX0AAV_gI.jpg,photo,828,495,
1200177626167566340,1200177630793863169,https://pbs.twimg.com/media/EKfjMTMW4AQ-sCP.jpg,photo,1240,1604,
1207326865100353537,1207326872230670336,https://pbs.twimg.com/media/EMFJYxoXsAEhXSn.jpg,photo,1077,1357,
1207450833941487616,1207450843844243456,https://pbs.twimg.com/media/EMG6ItjU4AAziHs.jpg,photo,1125,1613,
1207468521078300672,1207468526258270209,https://pbs.twimg.com/media/EMHKOPRWoAAda4b.jpg,photo,750,1334,
1207468521078304768,1207468526258270209,https://pbs.twimg.com/media/EMHKOPRWsAACo_c.jpg,photo,750,1334,
1211631841528176643,1211631845839949825,https://pbs.twimg.com/media/ENCUvYjW4AMMJB0.jpg,photo,1080,694,
1211871540859604994,1211871548816187392,https://pbs.twimg.com/media/ENFuvuJXkAI48yP.jpg,photo,2048,1716,
1214143431267631104,1214143485281882112,https://pbs.twimg.com/media/ENmBBJcUwAAsXYA.jpg,photo,1464,1600,
1214268541224046592,1214268546253033474,https://pbs.twimg.com/media/ENnyzgWXUAA0RLH.jpg,photo,720,960,
1218429348161753088,1218429351517196288,https://pbs.twimg.com/media/EOi7CWEXkAAQlzV.jpg,photo,1125,725,
1219010651017924608,1219010655677812737,https://pbs.twimg.com/media/EOrLun9XUAAiyC7.jpg,photo,469,271,
1219010651026350080,1219010655677812737,https://pbs.twimg.com/media/EOrLun_X4AAsHrT.jpg,photo,750,876,
1219575114553008129,1219575123742728192,https://pbs.twimg.com/media/EOzNGufWoAEuKCZ.jpg,photo,1560,2080,
1221881838102335488,1221881862244749315,https://pbs.twimg.com/media/EPT_DtWXUAA2fo1.jpg,photo,3024,4032,
1222657668881494017,1222658083698155520,https://video.twimg.com/ext_tw_video/1222657668881494017/pu/vid/1280x592/eABckO4_FX8ECIBS.mp4?tag=10,video,1280,592,
1222671773587714048,1222671784635518976,https://pbs.twimg.com/media/EPfNgAWXsAAUJqc.jpg,photo,750,1334,
1222671773625397250,1222671784635518976,https://pbs.twimg.com/media/EPfNgAfWsAIvOAL.jpg,photo,750,1334,
1231953678770278401,1231953703747432448,https://pbs.twimg.com/media/ERjHV_rWkAEkJp6.jpg,photo,1024,902,
1232137256229453824,1232137286868856833,https://video.twimg.com/ext_tw_video/1232137256229453824/pu/vid/720x1280/2ej_aOzMu3SxDi8X.mp4?tag=10,video,720,1280,
1233152145349906443,1233152148545982464,https://pbs.twimg.com/media/ER0JV7mXkAs4ccz.jpg,photo,1242,310,
1233870478856445952,1233870486670495745,https://pbs.twimg.com/media/ER-WqccUYAAKItI.jpg,photo,1536,2048,
1233950378703519744,1233950408097193984,https://pbs.twimg.com/media/ER_fVOkVAAAP5yF.jpg,photo,960,808,
1235359806086578176,1235359816236838912,https://pbs.twimg.com/media/ESThMsuWAAAT3GC.jpg,photo,1125,1067,
1235359811635724290,1235359816236838912,https://pbs.twimg.com/media/ESThNBZXQAI762S.jpg,photo,1124,1095,
1237035601586683910,1237036386886303744,https://pbs.twimg.com/media/ESrVU1cWAAYkhN2.jpg,photo,702,1024,
1239991090289291265,1239991921910730754,https://video.twimg.com/ext_tw_video/1239991090289291265/pu/vid/1280x720/Ucec8gJcYVKq4gPp.mp4?tag=10,video,1280,720,
1240089337708060674,1240089341864493057,https://pbs.twimg.com/media/ETWurq_WoAI6Lcu.jpg,photo,689,459,
1246165121535291395,1246165131232452610,https://pbs.twimg.com/media/EUtEk1iXsAMVFLW.jpg,photo,2048,2048,
1247930713925656576,1248238519551754240,https://video.twimg.com/ext_tw_video/1247930713925656576/pu/vid/640x1264/GvGU8HjJ7ZIs1uwL.mp4?tag=10,video,640,1264,
1249798241094438912,1249798306454212610,https://pbs.twimg.com/media/EVgs4OlXkAAW7hc.jpg,photo,1512,851,
1251103364307390465,1251103369428680705,https://pbs.twimg.com/media/EVzP4ZbWkAEVAcg.jpg,photo,695,927,
1260022103006273537,1260022115618615301,https://pbs.twimg.com/media/EXx_bULUYAEkShe.jpg,photo,1999,1999,
1262956709057830912,1262956956320497664,https://pbs.twimg.com/media/EYbsb3oWoAAsJbv.png,photo,634,520,
1262956831292510210,1262956956320497664,https://pbs.twimg.com/media/EYbsi-_X0AIhY7D.png,photo,576,331,
1266007686623223808,1266007690985312256,https://pbs.twimg.com/media/EZHDSIwXYAAR51Y.jpg,photo,1242,480,
1266007686627409920,1266007690985312256,https://pbs.twimg.com/media/EZHDSIxXQAATUIH.jpg,photo,1242,635,
1267861709311684620,1267861765070688261,https://pbs.twimg.com/media/EZhZgdfXsAwErcd.jpg,photo,4096,2304,
1289530668716822528,1289555105008644096,https://pbs.twimg.com/media/EeVVT5vWkAAQjP6.png,photo,580,310,
1289531091162992645,1289555105008644096,https://pbs.twimg.com/media/EeVVsfeXkAUpiC0.png,photo,768,512,
1289531259560108037,1289555107055456260,https://pbs.twimg.com/media/EeVV2SzXoAUS6aF.jpg,photo,2213,2666,
1289531480276963328,1289555107055456260,https://pbs.twimg.com/media/EeVWDJCXkAAbJqg.png,photo,562,500,
1289531704319848448,1289555110008430592,https://pbs.twimg.com/media/EeVWQLqWsAAfbfA.png,photo,350,350,
1289531882519101442,1289555110008430592,https://pbs.twimg.com/media/EeVWajgXgAICn1L.png,photo,750,750,
1289532580426113025,1289555111925051400,https://pbs.twimg.com/media/EeVXDLaXYAEOhwv.png,photo,450,446,
1289532698118193152,1289555111925051400,https://pbs.twimg.com/media/EeVXKB2WAAAFe01.png,photo,678,381,
1289533898066714624,1289555113732841472,https://video.twimg.com/ext_tw_video/1289533898066714624/pu/vid/638x412/pKZPCmcSBLFvcaYz.mp4?tag=10,video,638,412,
1289534150769336320,1289555116652208128,https://pbs.twimg.com/media/EeVYelZXYAAm0Ha.png,photo,768,574,
1289534245774532608,1289555116652208128,https://pbs.twimg.com/media/EeVYkHUXoAA6BCU.png,photo,288,331,
1289534650201841665,1289555118354915335,https://pbs.twimg.com/media/EeVY7p7WoAElrv2.jpg,photo,1600,1298,
1289534927269171201,1289555118354915335,https://pbs.twimg.com/media/EeVZLyFWkAE1w3U.png,photo,600,600,
1289535304450420736,1289555120603234308,https://pbs.twimg.com/media/EeVZhvMXsAA--Ns.png,photo,744,476,
1289535525053964288,1289555120603234308,https://pbs.twimg.com/media/EeVZulAWoAAjPAD.png,photo,1200,1200,
1298817243543826433,1298817413895553024,https://pbs.twimg.com/media/EgZTZs2U8AEOE6P.jpg,photo,1242,1404,"its a tweet from a deleted account called ""fuck the moon"":
fly me to the moon
let me kick its fucking ass
let me show it what i learned
in my moon juijitsu class

second tweet:
wow this blew up. wish the moon would. "
1301535353015336961,1301535382119604226,https://pbs.twimg.com/media/Eg_7gfsXgAET1Sy.jpg,photo,1416,793,
1310287387919093767,1310287396408299521,https://pbs.twimg.com/media/Ei8Tb-aXkAcUbWn.jpg,photo,828,1792,
1310287387927470080,1310287396408299521,https://pbs.twimg.com/media/Ei8Tb-cXYAABavz.jpg,photo,2048,1536,
1310287387927474180,1310287396408299521,https://pbs.twimg.com/media/Ei8Tb-cXcAQZosj.jpg,photo,2048,1536,
1314551371455246336,1314551373388804096,https://pbs.twimg.com/media/Ej45ge6XsAAmDwW.jpg,photo,700,394,
1318154053680058373,1318154278532452352,https://pbs.twimg.com/media/EksGIMDXUAUdNNV.jpg,photo,1536,2048,
1318266335663656960,1318266346610765829,https://pbs.twimg.com/media/EktsP3CWkAADx7p.jpg,photo,2378,2378,
1318267012624338944,1318267024242577408,https://pbs.twimg.com/media/Ekts3Q6W0AAQ90t.jpg,photo,2378,1810,
1318267502187642880,1318267775144632321,https://pbs.twimg.com/media/EkttTwrWAAAY8lU.jpg,photo,1500,1500,
1318268994651099139,1318269003211694081,https://pbs.twimg.com/media/EktuqoiXEAM4eqI.jpg,photo,1600,1747,
1318274572664381441,1318274581027868674,https://pbs.twimg.com/media/EktzvUQXIAE6KSo.jpg,photo,1600,1300,
1318275843655979010,1318275865978036225,https://pbs.twimg.com/media/Ekt05TEX0AIf3lf.jpg,photo,948,900,
1324678568023150592,1324678570002841600,https://pbs.twimg.com/media/EmI0I6CX0AAqaz-.jpg,photo,720,960,
1330497317640790016,1330497605428711425,https://pbs.twimg.com/media/EnbgQtiW4AAboyu.png,photo,896,553,
1331250588122746888,1331250674559049730,https://pbs.twimg.com/media/EnmNW0wWEAgBMUx.png,photo,437,220,
1334575878098079751,1334826853861830659,https://video.twimg.com/ext_tw_video/1334575878098079751/pu/vid/1024x576/Vm8QFeeHfNTearPt.mp4?tag=10,video,1024,576,
1335016279925796864,1335016292881928196,https://pbs.twimg.com/media/EobuO75XMAAv0Xa.jpg,photo,1224,1224,
1336409941259689984,1336409980346327040,https://pbs.twimg.com/media/Eovhws8VoAAZt9O.png,photo,725,469,
1340435789486960640,1340435792397787137,https://pbs.twimg.com/media/EpovP6SXMAAAbPV.jpg,photo,750,1000,
1340435789495345152,1340435792397787137,https://pbs.twimg.com/media/EpovP6UXIAAnFDj.jpg,photo,1280,720,
1340435789499527168,1340435792397787137,https://pbs.twimg.com/media/EpovP6VW8AAOeoH.jpg,photo,630,420,
1340435789528838146,1340435792397787137,https://pbs.twimg.com/media/EpovP6cWMAIq6-X.jpg,photo,580,470,
1342190473998381057,1342190814672392192,https://pbs.twimg.com/media/EqBrH_eWMAEqwZr.jpg,photo,2048,1536,
1345147315217182720,1345388882146316288,https://pbs.twimg.com/media/EqrsWzYXMAAz5fm.jpg,photo,442,248,
1349155886980354051,1349156027309182978,https://pbs.twimg.com/media/ErkqIY4XUAMfdur.png,photo,1290,817,
1349770123100495872,1349770620779814913,https://pbs.twimg.com/media/ErtYxovXIAAkXh7.png,photo,680,340,
1349770475317186561,1349770620779814913,https://pbs.twimg.com/media/ErtZGI2XUAEJ7gE.jpg,photo,1536,2048,
1352319380915429377,1352319386007330817,https://pbs.twimg.com/media/EsRnT-JXIAE1B_3.jpg,photo,2048,2048,
1354496306052554752,1354496309919674374,https://pbs.twimg.com/media/EswjNsPXYAAKW3s.jpg,photo,1200,800,
1354562650773053440,1354562663053991947,https://pbs.twimg.com/media/EsxfjdlW4AAJWth.jpg,photo,1170,1462,
1357716839015587840,1357718112599240706,https://pbs.twimg.com/media/EteURYcXIAAINqf.jpg,photo,4032,3024,
1357731999126011911,1357732002921873410,https://pbs.twimg.com/media/EteiD0QWQAcVsIb.jpg,photo,705,470,
1357731999184801795,1357732002921873410,https://pbs.twimg.com/media/EteiD0eXUAMEUtM.jpg,photo,2048,1124,
1357731999230947329,1357732002921873410,https://pbs.twimg.com/media/EteiD0pXcAEttzS.jpg,photo,646,431,
1357731999415468032,1357732002921873410,https://pbs.twimg.com/media/EteiD1VXAAAKIQW.jpg,photo,600,450,
1365826960161579010,1365826972346064899,https://pbs.twimg.com/media/EvRkYkEVIAIXyWb.jpg,photo,1181,1476,
1367167569929637892,1367168369808580610,https://video.twimg.com/ext_tw_video/1367167569929637892/pu/vid/616x480/diTgZrRk76374XmI.mp4?tag=10,video,616,480,
1370446776432492546,1370446780542910474,https://pbs.twimg.com/media/EwTOFQzWgAIloZE.jpg,photo,750,716,
1372003383293394947,1372003384732045316,https://pbs.twimg.com/media/EwpVztPWQAMLkCN.jpg,photo,540,960,
1373449254119825410,1373449256368009220,https://pbs.twimg.com/media/Ew940dzWYAIh0WJ.jpg,photo,826,757,
1373449254119862272,1373449256368009220,https://pbs.twimg.com/media/Ew940dzW8AAgdTP.jpg,photo,826,506,
1373449254119866368,1373449256368009220,https://pbs.twimg.com/media/Ew940dzXAAABXwd.jpg,photo,488,376,
1378750739883950087,1378750749597917187,https://pbs.twimg.com/media/EyJOfjSXAAc5zEj.jpg,photo,1242,1685,
1379338519227863040,1379798729901887491,https://video.twimg.com/ext_tw_video/1379338519227863040/pu/vid/720x960/dNPdLCipxTJ4jtWa.mp4?tag=12,video,768,1024,
1382973767496916995,1382973774941859843,https://pbs.twimg.com/media/EzFPUHFWYAMva0M.jpg,photo,1358,991,
1386059197251563520,1386059199336046596,https://pbs.twimg.com/media/EzxFfwnXsAA6LEE.jpg,photo,951,419,
1387113300723257347,1387113304959504384,https://pbs.twimg.com/media/E0AEMqDUUAMxing.jpg,photo,721,958,
1387113300723310594,1387113304959504384,https://pbs.twimg.com/media/E0AEMqDVIAICebG.jpg,photo,884,1024,
1388209281917390851,1388209346648084483,https://pbs.twimg.com/media/E0Po_KKWEAMQy5B.jpg,photo,2048,1536,
1390358259807162371,1390358265658232837,https://pbs.twimg.com/media/E0uLeIpWEAMyIEy.jpg,photo,2048,1536,Mustard shop with wineries covered in yellow
1390430443703521288,1390430448057307142,https://pbs.twimg.com/media/E0vNHynWUAg1IzZ.jpg,photo,1014,1920,
1391940073709522944,1391940076913971201,https://pbs.twimg.com/media/E1EqH0oWUAACmgB.jpg,photo,1200,842,
1392227232169529345,1392227234858115078,https://pbs.twimg.com/media/E1IvSpQXEAEGX8t.jpg,photo,600,600,
1394088229456994308,1394088233835900931,https://pbs.twimg.com/media/E1jL28ZWYAQx92B.jpg,photo,740,987,
1400553681494298624,1400553801321381889,https://video.twimg.com/ext_tw_video/1400553681494298624/pu/vid/640x1138/6iqy8dRBte-BMKeN.mp4?tag=12,video,640,1138,
1401026074272833536,1401026078316056578,https://pbs.twimg.com/media/E3FxyqYXoAA4tSP.jpg,photo,750,916,
1405653221884977153,1405653227912241158,https://pbs.twimg.com/media/E4HiKGfWYAEGzqn.jpg,photo,1125,1673,
1412807208316936193,1412807214834847749,https://pbs.twimg.com/media/E5tMq6vXoAEVQYk.jpg,photo,1536,2048,
1416501459349295104,1416501462562115586,https://pbs.twimg.com/media/E6hskoRWUAA5IOi.jpg,photo,1242,1544,
1420568271171035142,1420568274799050755,https://pbs.twimg.com/media/E7bfUO5XIAYCNbZ.jpg,photo,620,349,
1421829530285662211,1421829532525514754,https://pbs.twimg.com/media/E7tabLPWYAM_fTN.jpg,photo,480,360,
1423725019520282624,1423725029892792321,https://pbs.twimg.com/media/E8IWXK5XsAAZxBV.jpg,photo,1026,1118,
1424434402382127104,1424434478483533826,https://video.twimg.com/ext_tw_video/1424434402382127104/pu/vid/720x1280/fKg5SRcJr9b8YBdE.mp4?tag=12,video,720,1280,
1425145260238327811,1425145264310980611,https://pbs.twimg.com/media/E8ciED3WUAM0TLG.jpg,photo,827,1047,
1425195275522437121,1425195319365496833,https://pbs.twimg.com/media/E8dPjVUUcAEq2Gu.png,photo,650,654,
1425561766227062790,1425563276914667536,https://pbs.twimg.com/media/E8ic35lXsAY8Z3g.jpg,photo,1417,727,
1425831114606727178,1425831118184587265,https://pbs.twimg.com/media/E8mR2CfVUAoKpD9.jpg,photo,550,550,
1425831116603224077,1425831118184587265,https://pbs.twimg.com/media/E8mR2J7VcA0pzY7.jpg,photo,550,550,
1429200334921031680,1429200338305835009,https://pbs.twimg.com/media/E9WKIePWYAA5fWC.jpg,photo,500,396,
1435565812786532353,1435565817261920259,https://pbs.twimg.com/media/E-wngDLWEAEZrNJ.jpg,photo,1169,995,
1440443301656600577,1440443307826376714,https://pbs.twimg.com/media/E_17jRJVIAE4DCG.jpg,photo,1916,2048,
1440504204515110915,1440504208625586181,https://pbs.twimg.com/media/E_2y8R-UcAMgcyQ.jpg,photo,580,389,A toilet with the two button flusher
1448719098276302851,1448719154366730241,https://pbs.twimg.com/media/FBriWCAVUAMIEmU.jpg,photo,1080,1350,
1448719119382052865,1448719154366730241,https://pbs.twimg.com/media/FBriXQoVgAE3kh7.jpg,photo,1080,1350,
1448719141066592284,1448719154366730241,https://pbs.twimg.com/media/FBriYhaVUBwxGPg.jpg,photo,1080,1350,
1451308173239877632,1451308342031183872,https://video.twimg.com/ext_tw_video/1451308173239877632/pu/vid/720x720/ucwZ4h_RMnUONKVD.mp4?tag=12,video,2160,2160,
1451599233019224071,1451599236701868035,https://pbs.twimg.com/media/FCUdz8BXIAcCYZX.jpg,photo,775,795,
1454106600671563777,1454106606853976064,https://pbs.twimg.com/media/FC4GP8aUUAEoxO9.jpg,photo,877,548,
1454106604933029902,1454106606853976064,https://pbs.twimg.com/media/FC4GQMSVIA4JAe8.jpg,photo,992,1176,
1454134181840179205,1454134186416222218,https://pbs.twimg.com/media/FC4fVYRWUAUY9NO.jpg,photo,2048,1099,
1460404982704861186,1460404986542649345,https://pbs.twimg.com/media/FERmmB5VcAIo1GK.jpg,photo,828,952,
1462476302896844805,1462476304788381705,https://pbs.twimg.com/media/FEvCcu6X0AU0F6m.jpg,photo,926,960,
1462627109382332420,1462627133524750337,https://video.twimg.com/ext_tw_video/1462627109382332420/pu/vid/426x422/79QG1ulcfPz40uKz.mp4?tag=12,video,426,422,
1467466315149496321,1467466318018498562,https://pbs.twimg.com/media/FF181rJWUAEMD0N.jpg,photo,500,796,
1469298443617251335,1469298453914304513,https://pbs.twimg.com/media/FGP_JljXMAc7h-0.jpg,photo,1329,2048,
1469298443638259716,1469298453914304513,https://pbs.twimg.com/media/FGP_JloXwAQOlua.jpg,photo,316,316,
1473315177235988483,1473315181199605762,https://pbs.twimg.com/media/FHJEWQVXwAMBlg4.jpg,photo,1170,902,
1478504255321346048,1478504258148257794,https://pbs.twimg.com/media/FISzyWlVEAAQGea.jpg,photo,971,1440,
1481042364286529536,1481042736610689024,https://pbs.twimg.com/media/FI24LvSacAAtLqV.jpg,photo,1052,932,
1481282828042186760,1481283122884923398,https://pbs.twimg.com/media/FI6S4klXMAg0zqe.jpg,photo,1216,1314,
1481282895729803264,1481283122884923398,https://pbs.twimg.com/media/FI6S8gvWQAACyIU.jpg,photo,1204,1472,
1483170907766075396,1483171582507954182,https://pbs.twimg.com/media/FJVIFRqXMAQLiV0.png,photo,449,594,
1483459917436567556,1483460030762471436,https://pbs.twimg.com/media/FJZO72lWQAQMrWi.jpg,photo,717,1046,
1484019685490364418,1484021742511210497,https://pbs.twimg.com/media/FJhMCpFXEAIhhKw.jpg,photo,259,194,
1485373726422368256,1485373731963039744,https://pbs.twimg.com/media/FJ0biMoagAAOIiH.jpg,photo,746,960,
1486524978354921475,1486524981177720833,https://pbs.twimg.com/media/FKEyl4SXIAMrRtt.jpg,photo,442,303,
1490894357506842624,1490894441862742017,https://pbs.twimg.com/media/FLC4hODUYAAJLGu.jpg,photo,3024,4032,
1491569540538458112,1491569547203293188,https://pbs.twimg.com/media/FLMemC2WYAAY8dy.jpg,photo,1536,2048,
1498980822313021446,1498980877296099338,https://pbs.twimg.com/media/FM1zHa8XMAY3b2v.jpg,photo,1097,1102,
1499340841239859200,1499341576518217730,https://video.twimg.com/ext_tw_video/1499340841239859200/pu/vid/1280x720/pYy0xl9I5pBZPPIj.mp4?tag=12,video,1280,720,
1503668336269619206,1503668343152074752,https://pbs.twimg.com/media/FN4aYpNacAYOobt.jpg,photo,719,550,
1505222447993438213,1505222469652787203,https://pbs.twimg.com/media/FOOf12iXwAUOudd.jpg,photo,2048,1536,
1509371246034661381,1509371311222452226,https://pbs.twimg.com/media/FPJdJroVsAUZ5WE.png,photo,720,480,
1509618302129254403,1509618311155363840,https://pbs.twimg.com/media/FPM92PTXsAMwon6.jpg,photo,1536,2048,
1509629409980002304,1509629653044154372,https://pbs.twimg.com/media/FPNH8zRXMAA6k4K.jpg,photo,1016,442,
1510698410252320769,1510698419089772555,https://pbs.twimg.com/media/FPcUMznWQAEx_wn.jpg,photo,1536,2048,
1511864025029783564,1511864029437902852,https://pbs.twimg.com/media/FPs4UhCXsAw9cIg.jpg,photo,1536,2048,
1513193465777111041,1513193744752906245,https://pbs.twimg.com/media/FP_xcJwWQAE8hhf.jpg,photo,946,2048,
1513193465777213444,1513193744752906245,https://pbs.twimg.com/media/FP_xcJwX0AQLuxP.jpg,photo,946,2048,
1513193465865199617,1513193744752906245,https://pbs.twimg.com/media/FP_xcKFWYAEBMu7.jpg,photo,1170,1116,
1513276470449295362,1513276477562888194,https://pbs.twimg.com/media/FQA87qQWUAIAVpJ.jpg,photo,620,1024,
1513555727335444481,1513555761699299328,https://pbs.twimg.com/media/FQE66jOWUAERRaR.jpg,photo,2048,1536,
1513682383043768329,1513682405739094018,https://pbs.twimg.com/media/FQGuG4gXMAkUoNa.jpg,photo,1034,1034,
1513686391498158081,1513686397089107980,https://pbs.twimg.com/media/FQGxwNKXMAEUOHc.jpg,photo,828,1792,
1515409108270264325,1515409114855358475,https://pbs.twimg.com/media/FQfQjhPXMAUD7hu.jpg,photo,1536,2048,
1516402487070277635,1516402495995719690,https://pbs.twimg.com/media/FQtYBxpXwAMKBP2.jpg,photo,1824,2736,
1517858105803128832,1517858108743340032,https://pbs.twimg.com/media/FRCD57_XwAAt3Vq.jpg,photo,1276,718,
1522705347890266112,1522705352806047745,https://pbs.twimg.com/media/FSG8cj6WQAALXC0.jpg,photo,1024,1280,
1524125053180211200,1524125063267897344,https://pbs.twimg.com/media/FSbHqSQUcAA73M8.png,photo,565,151,
1526740228223946752,1526740335451418626,https://pbs.twimg.com/media/FTASJgeWUAAumwZ.png,photo,293,238,
1526857451655811072,1526857627611074560,https://video.twimg.com/ext_tw_video/1526857451655811072/pu/vid/720x960/rCMdKkP8-kO7SZOJ.mp4?tag=12,video,1080,1440,
1530982736244228096,1530982739607953410,https://pbs.twimg.com/media/FT8kr-cXwAAeuRD.jpg,photo,1080,1038,
1537208763597213696,1537208767250460672,https://pbs.twimg.com/media/FVVDOdvUUAArVb3.jpg,photo,1284,1250,
1539821756088590336,1539821761415417856,https://pbs.twimg.com/media/FV6LupUUIAAiozf.jpg,photo,1536,2048,
1539821756092862466,1539821761415417856,https://pbs.twimg.com/media/FV6LupVVUAIVHzc.jpg,photo,1536,2048,
1542700251966050311,1542700263680741377,https://pbs.twimg.com/media/FWjFtKFXkAcLtki.jpg,photo,899,1200,
1545470184844058624,1545470192205037569,https://pbs.twimg.com/media/FXKc8eKWYAAPKCP.jpg,photo,1050,787,
1546331021913759746,1546331025101492224,https://pbs.twimg.com/media/FXWr3yJWIAIVj8E.jpg,photo,946,2048,
1546626591572336641,1546626633054015490,https://pbs.twimg.com/media/FXa4sM7XoAE2ubZ.jpg,photo,1218,1218,
1548293658083962882,1548293662420848641,https://pbs.twimg.com/media/FXyk4PoVsAIpnDA.jpg,photo,582,495,
1551621984248897542,1551622048702668803,https://pbs.twimg.com/media/FYh3-UzXoAYaTms.jpg,photo,834,1038,
1551622021720817666,1551622048702668803,https://pbs.twimg.com/media/FYh4AgZXwAIZPqQ.jpg,photo,1024,575,
1558127804197138432,1558127807309303808,https://pbs.twimg.com/media/FZ-U-4vUcAASIHe.jpg,photo,1074,958,
1562535567010693120,1562535568981954560,https://pbs.twimg.com/media/Fa890cyWAAAYU7B.jpg,photo,1125,1125,
1565780951334002688,1565781474288214016,https://pbs.twimg.com/media/FbrFerhWIAAWXDD.jpg,photo,510,680,
1565780951334064128,1565781474288214016,https://pbs.twimg.com/media/FbrFerhXEAAxGLO.jpg,photo,680,510,
1567904808790814721,1567904815568814080,https://pbs.twimg.com/media/FcJRHdGacAEZQMs.jpg,photo,1492,1592,
1567904808799207426,1567904815568814080,https://pbs.twimg.com/media/FcJRHdIagAIAnEz.jpg,photo,2045,2045,
1571229665037291520,1571229671685238784,https://pbs.twimg.com/media/Fc4hDj0akAA3k7k.jpg,photo,750,839,
1576914549399248897,1576914552205496321,https://pbs.twimg.com/media/FeJTbYYWYAE2WD-.jpg,photo,877,885,
1577711498419486725,1577711613070790738,https://pbs.twimg.com/media/FeUoP61XwAU5Sd6.jpg,photo,922,1146,
1577834077255655424,1577834081034784768,https://pbs.twimg.com/media/FeWXu8lUYAAiVxn.jpg,photo,1075,714,
1580256806332682240,1580256851475959808,https://pbs.twimg.com/media/Fe4zMVtaUAA_s8o.jpg,photo,1125,1627,
1580581926028677120,1580582126797619203,https://pbs.twimg.com/media/Fe9a4y9XkAA8CsC.png,photo,780,410,
1586486006445789184,1586486009000140801,https://pbs.twimg.com/media/FgRUngdUUAANI8p.jpg,photo,832,386,
1586776044052402176,1586776283710717953,https://pbs.twimg.com/media/FgVcZ6vX0AA_FLQ.jpg,photo,1536,2048,
1587975334221254657,1587975337367015428,https://pbs.twimg.com/media/FgmfJyxXEAETgBB.jpg,photo,960,870,
1588292971375599620,1588292974785761280,https://pbs.twimg.com/media/FgrACtYXoAQhBP1.jpg,photo,814,915,
1588345458224599040,1588345653611986944,https://pbs.twimg.com/media/Fgrvx2IVEAAtQR_.jpg,photo,1536,2048,
1588739466876915715,1588739470601654272,https://pbs.twimg.com/media/FgxWIKvXkAMFal7.jpg,photo,784,447,
1588739466876928002,1588739470601654272,https://pbs.twimg.com/media/FgxWIKvXwAIL6hY.jpg,photo,828,626,
1597171127540776960,1597171130108108807,https://pbs.twimg.com/media/FipKraaUAAAr4A-.jpg,photo,828,605,
1598513753028452357,1598513757805858820,https://pbs.twimg.com/media/Fi8PygHWYAUV8jU.jpg,photo,1656,1402,
1607054470462033923,1607054472945205250,https://pbs.twimg.com/media/Fk1nhr6X0AMKXcG.jpg,photo,1536,2048,"A local weather graphic showing ""Christmas Spirit, Towns with names that fit the season: North Pole, NY; Bethlehem, PA; Santa Claus, IN; North Pole, AK; Donner Lake, CA; Christmas, FL"
1607134761805299712,1607134763315339266,https://pbs.twimg.com/media/Fk2wjQeWQAAIa7b.jpg,photo,828,770,
1613566108748972033,1613566112888659974,https://pbs.twimg.com/media/FmSJ062XgAEygG3.jpg,photo,1181,1138,
1615030443320934401,1615030448274706433,https://pbs.twimg.com/media/Fmm9oaOWAAE_aTA.jpg,photo,1280,1280,
1615030443320934423,1615030448274706433,https://pbs.twimg.com/media/Fmm9oaOWABc-D5e.jpg,photo,1280,1280,
1626967423554560000,1626967430370299908,https://pbs.twimg.com/media/FpQmQG4aIAAN85I.jpg,photo,1536,2048,
1627756798160797696,1627756837973143553,https://pbs.twimg.com/media/Fpb0LwcaAAAIkor.png,photo,414,326,
1639409805927542785,1639409818334294016,https://pbs.twimg.com/media/FsBaiFOacAEYJg4.jpg,photo,376,251,
1653553518773682176,1653553520627335171,https://pbs.twimg.com/media/FvKaKheaQAANI1m.jpg,photo,1080,1256,
1661983058361286656,1661983066355580929,https://pbs.twimg.com/media/FxCMyThXgAAMAPI.jpg,photo,1106,1106,
1666125846892150790,1666125851640074240,https://pbs.twimg.com/media/Fx9EoVcagAY39TZ.jpg,photo,1644,2048,
1674071319162376193,1674071335234949120,https://pbs.twimg.com/media/Fzt-_sNX0AElgKM.jpg,photo,827,1431,
1674071320080924673,1674071335234949120,https://pbs.twimg.com/media/Fzt-_voXwAErt98.jpg,photo,1352,2047,
1678524778313928705,1678524780230656000,https://pbs.twimg.com/media/F0tRZIYX0AENqu1.jpg,photo,1656,1656,"Speak Now: Do you have a tip about a federal crime involving terrorism, cybercrime, counterintelligence, civil rights, public corruption, weapons of mass destruction, organized crime, violent crime, or white-collar crime? Call 1-800-CALL-FBI (225-5324) or contact your local FBI office or U.S. Embassy or Consulate."
1689003963847233536,1689003969899630592,https://pbs.twimg.com/media/F3CMKAlXUAAOFLC.jpg,photo,1097,1357,
1713359624227672064,1713359687431663701,https://video.twimg.com/amplify_video/1713359624227672064/vid/avc1/576x748/JNKVJI3ns5BfMJBW.mp4?tag=14,video,576,748,